{
  "task_type": "ratios",
  "metrics": {
    "mse": 0.00011637115676421672,
    "mae": 0.008420801721513271,
    "relative_l2": 0.029180148616433144,
    "r2": 0.9954464435577393
  },
  "predictions": {
    "conditions": [
      "low pBV",
      "high pBV",
      "low \u03c3BV",
      "high \u03c3BV",
      "low P\u03c0",
      "high P\u03c0",
      "low K",
      "high K",
      "low Lp",
      "high Lp",
      "Representative"
    ],
    "true_blood": [
      0.028300000000000002,
      0.5219,
      0.1348,
      0.2444,
      0.0849,
      0.2733,
      0.231,
      0.18350000000000002,
      0.2733,
      0.0864,
      0.1841
    ],
    "true_lymph": [
      0.5574,
      0.2978,
      0.5055,
      0.4482,
      0.6936,
      0.2939,
      0.38079999999999997,
      0.4802,
      0.2925,
      0.6938,
      0.4793
    ],
    "true_ecm": [
      0.41450000000000004,
      0.18030000000000002,
      0.35979999999999995,
      0.3074,
      0.2213,
      0.4326,
      0.3884,
      0.33630000000000004,
      0.43439999999999995,
      0.2198,
      0.33640000000000003
    ],
    "pred_blood": [
      0.04777909070253372,
      0.49646082520484924,
      0.12599751353263855,
      0.23182526230812073,
      0.07578542828559875,
      0.27537310123443604,
      0.22629161179065704,
      0.17845959961414337,
      0.2684299647808075,
      0.08114419877529144,
      0.18049129843711853
    ],
    "pred_lymph": [
      0.5596224665641785,
      0.32174253463745117,
      0.5206303596496582,
      0.46272900700569153,
      0.7011072635650635,
      0.30689889192581177,
      0.3920740485191345,
      0.49006763100624084,
      0.29619693756103516,
      0.6998472213745117,
      0.485147625207901
    ],
    "pred_ecm": [
      0.3925984799861908,
      0.1817966252565384,
      0.35337209701538086,
      0.30544567108154297,
      0.22310729324817657,
      0.4177279770374298,
      0.38163432478904724,
      0.3314727544784546,
      0.43537306785583496,
      0.21900862455368042,
      0.33436107635498047
    ]
  }
}